FIRST_NAME,LAST_NAME,EMAIL,PHONE,ADDRESS,CITY,STATE,ZIPCODE
mary kate,curry,wmppydaymaker@jumpstartlab.com,(202) 328 1000,1509 jackson street,baltimore,md,21230
sarah,cordova,tmai.202@jumpstartlab.com,(410).963.9000,5430 hesperus drive,columbia,md,21044
greg,dzara,jmpender@jumpstartlab.com,301-270-2000,122 park avenue,takoma park,md,20912
jacqueline,chan,dpstrunn@jumpstartlab.com,202-256-7000,4 delford ave,silver spring,md,20904
ann,macconnell,suslandgurl@jumpstartlab.com,514-544-8000,11025 graymarsh place,ijamsville,md,21754
caitlin,spitz,guhn@jumpstartlab.com,240-899-8000,4405 29th street,mount rainier,md,20712
megan,fea,mball13@jumpstartlab.com,410.382.0000,2908 old court road,baltimore,md,21208
gena,taylor,kabbbbbnnnnnnn@jumpstartlab.com,410-908-6000,11846 winterlong way,columbia,md,21044
jordan,neer,oklerd52@jumpstartlab.com,3014714000,7501 mayfair court,mount airy,md,21771
emma,bookstein,vranaveytsman@jumpstartlab.com,3109024000,6120 snowden's run,eldersburg,md,21784
laura,rios,iltherine.durkin@jumpstartlab.com,240-893-0000,705 colby ave.,takoma park,md,20912
abby,lam,kdmes.paul89@jumpstartlab.com,240-478-0000,p o box 346,garrett park,md,20896
edward,mathieson,uwackett@jumpstartlab.com,301-448-6000,5011 flanders ave.,kensington,md,20895
urs,stein,oaycejc3@jumpstartlab.com,301-828-5000,5217 elsmere ave.,bethesda,md,20814
kris,forrester,fcuerra1@jumpstartlab.com,301-767-6000,10233 farnham drive,bethesda,md,20814
helene,van beek,vsckmajm@jumpstartlab.com,202-701-0000,11501 regnid dr.,silver spring,md,20902
jane,dahan,sfarrell@jumpstartlab.com,301-910-3000,9802 holmhurst rd,bethesda,md,20817
vinicio,healey,tyicastout@jumpstartlab.com,301-910-3000,2800 ducall road,woodbine,md,21797
peter,farrell,orll18@jumpstartlab.com,301-910-3000,117 s van buren st,rockville,md,20850
emily,wolochow,mjith.farrell@jumpstartlab.com,301-9180-4000,4413 everett st,kensington,md,20891
viktoria,thibodeaux,oiresch@jumpstartlab.com,240-671-1000,3335 hewitt ave apt 302,silver spring,md,20906
bill,epstein,iiomasem@jumpstartlab.com,240-602-8000,2006 luzerne ave.,silver spring,md,20910
etsu,de haven,xglackwell.tidline@jumpstartlab.com,240-478-0000,2616 colston drive,chevy chase,md,20815
kathryn,hardy,vsilliard@jumpstartlab.com,301-922-7000,4400 cambria avenue,garrett park,md,20896
max,young,mbrena.whitridge@jumpstartlab.com,301-787-0000,5912 somerset rd.,riverdale,md,20737
mariana,hayes,xvicia.normand@jumpstartlab.com,718-290-6000,"6935 laurel ave, #201",takoma park,md,20912
robert,larkins,gmssicacrivas@jumpstartlab.com,4436184000,8094 ventnor road,pasadena,md,21122
sarah,ojeh,bfkelly@jumpstartlab.com,410-474-3000,8000 boteler lane appt 248a,college park,md,20742
alex,garrett,taistin.sullivan@jumpstartlab.com,908-477-7000,no data,college park,md,20742
stephanie,udell,ihtherinemhoffman@jumpstartlab.com,202.498.0000,"10419 glen manor dr.,",bowie,md,20720
dea,frey,ftuffman_k@jumpstartlab.com,(609) 425-4000,401 rosemont ave,frederick,md,21701
joe,rizzo,eooss_a@jumpstartlab.com,240-535-8000,no data,college park,md,20740
martina,panacionne,dqkevill@jumpstartlab.com,3018988000,po box 82,walkersville,md,21793
null,beadle,ehdungan@jumpstartlab.com,4108480000,628 barnes ave,westminster,md,21157
ben,stafne,crerymac13@jumpstartlab.com,4108480000,628 barnes ave,westminster,md,21157
audrie,judge,rhfo8296@jumpstartlab.com,410.857-0000,2084 old fridinger mill rd,westminster,md,21157
annie,young,pqrl.stockman@jumpstartlab.com,410.857-0000,2084 old fridinger mill rd,westminster,md,21157
andrew,bauer,kpttri@jumpstartlab.com,443.605-4000,3032 bird view rd,westminster,md,21157
elizabeth,derek,myugg@jumpstartlab.com,443.604-4000,3140 slippery elm ct,westminster,md,21157
kaitlin,theve,pcthan.taylor05@jumpstartlab.com,724.9921,5911 millrace ct,columbia,md,21045
chuck,evans-verret,qhrphy_jp@jumpstartlab.com,443.823-1000,2748 old westminster pike,westminster,md,21048
ali,maurer,bsicksam@jumpstartlab.com,240.522-2000,60 pershing st,cumberland,md,21521
john,huber,nileyd@jumpstartlab.com,301.689-7000,60 pershing st,cumberland,md,21521
catherine,ng,nhrtonwa@jumpstartlab.com,240 645 5000,3512 woodbine st,chevy chase,md,20815
dominika,calderado,jnyres@jumpstartlab.com,301-318-4000,8000 boteler lane apt. 716,college park,md,20740
corey,morris,wvz7y@jumpstartlab.com,301-318-4000,8000 boteler lane apt. 716,college park,md,20740
nichol,lally,xwckandahalf@jumpstartlab.com,240-593-1000,15611 straughn drive,laurel,md,20707
andrew,waisbren,xkectrae@jumpstartlab.com,301-318-4000,"247-10 leonardtown hall, university of maryland",college park,md,20742
danielle,chan,dqagles64@jumpstartlab.com,(518) 651-0000,"6901 preinkert drive, apt. 6601c",college park,md,20740
sam,bates,gver0030@jumpstartlab.com,847-942-8000,"4215 centreville hall, university of maryland",college park,md,20742
christina,force,jtessert@jumpstartlab.com,301-318-4000,8000 boteler lane apt. 716,college park,md,20740
amelia,huggenkiss,namcgaughey@jumpstartlab.com,301-318-4000,8000 boteler lane,college park,md,20740
bart,zwicker,assinclair10@jumpstartlab.com,410-212-4000,1414 anna marie ct.,annapolis,md,21409
keith,perez,bjui172@jumpstartlab.com,410-596-9000,8000 boteler lane,college park,md,20740
jessie,moore,suowe@jumpstartlab.com,301-318-4000,8000 boteler lane,college park,md,20740
nicole,neal,yyrown47@jumpstartlab.com,860-550-2000,1916 mt. royal terrace,baltimore,md,21217
nicolas,schiller,hsrahmills.sullivan@jumpstartlab.com,301 6545000,4910 cumberland avenue,chevy chase,md,20815
ian,o'shaughnessy,rwthomaswallace@jumpstartlab.com,410.259-2000,628 barnes ave,westminster,md,21157
tracy,burdiss,fok32@jumpstartlab.com,443-617-7000,28 heather hill rd,catonsville,md,21228
tatiana,maccabe,mrise.gabriel@jumpstartlab.com,301-785-6000,1000 hilltop circle,baltimore,md,21250
joe,lepore,uhenanova3@jumpstartlab.com,443-756-3000,1000 hilltop circle,baltimore,md,21250
will,peterson,if7233a@jumpstartlab.com,301-646-2000,1000 hilltop circle,baltimore,md,21250
bryan,somor,lwxiechick_heeler@jumpstartlab.com,410-419-5000,1000 hilltop circle,baltimore,md,21250
andrew,cine,frkeith@jumpstartlab.com,443-528-3000,28 advocate hill dr,jarrettsville,md,21084
jessica,stockman,ewmms711@jumpstartlab.com,443-938-3000,1000 hilltop circle,baltimore,md,21250
jessica,lumbert,tl@jumpstartlab.com,301-919-3000,1000 hilltop circle,baltimore,md,21250
catherine,placey,vflly@jumpstartlab.com,845-264-1000,1000 hilltop circle,baltimore,md,21250
elizabeth,hindes,nlristopherbentley@jumpstartlab.com,410-440-8000,1000 hilltop circle,baltimore,md,21250
shannon,phillips,yuhrenwerth@jumpstartlab.com,202-329-0000,1000 hilltop circle,baltimore,md,21250
gabriela,kiener,apaire.rosenkvist@jumpstartlab.com,410-409-3000,1000 hilltop circle,baltimore,md,21250
ryan,duncombe,hamp9321@jumpstartlab.com,203-804-2000,1000 hilltop circle,baltimore,md,21250
katelyn,jenkins,kqryan@jumpstartlab.com,952-239-6000,p.o. box 15403,annapolis,md,21412
david,two,mcmelhorn@jumpstartlab.com,301-910-5000,14001 blazer lane,silver spring,md,20906
william,gardner,xgc1@jumpstartlab.com,402.990.4000,campus center 2527 16800 pt. lookout rd,st. mary's city,md,20686
francisco,rush,siather.jennings@jumpstartlab.com,240-620-1000,"campus center #1754, 16800 point lookout rd",st. mary's city,md,20686
leah,lapointe,vbmzar@jumpstartlab.com,240-620-1000,16800 point lookout rd.,st. mary's city,md,20686
jessica,barrows,kphndoe13@jumpstartlab.com,240-620-1000,16800 point lookout road,st mary's city,md,20686
kaitlin,santiago,gflajagger@jumpstartlab.com,503-805-3000,"campus center 2714, 16800 point lookout rd.",st. mary's city,md,20686
sophia,tecleab,cicampbe@jumpstartlab.com,410-370-4000,campus center 1346 16800 point lookout rd,st mary's city,md,20686
robert,oorthuys,awndol_n@jumpstartlab.com,717 856 4000,16800 point lookout road,st mary's city,md,20686
mollie,mussehl,juworthy@jumpstartlab.com,301-943-2000,"campus center #1067, 16800 point lookout road",laurel,md,20686
allegra,lopez,qssminemerriweather@jumpstartlab.com,703 424 0000,"campus center 1912, 16800 point lookout rd",st mary's city,md,20686
ginny,bartlett,fuberly.sinclair@jumpstartlab.com,555-555-5000,16800 point look road,st. mary's city,md,20686
katya,oliver,pemoba6@jumpstartlab.com,555-555-5000,16800 point lookout rd,st marys city,md,20686
laney,tyson,kaghav.goyal@jumpstartlab.com,321 321 5000,16800 pt lookout rd,st. mary's city,md,20686
heather,foley,ctohnson716@jumpstartlab.com,555-555-5000,16800 point lookout rd,st marys city,md,20686
rachel,redmond,tcreilly@jumpstartlab.com,321 321 5000,16800 pt lookout rd,st. marys city,md,20686
ragini,moss,yusse.d.fries@jumpstartlab.com,555-555-5000,16800 point lookout rd,st marys city,md,20686
kadie,hillman,agara_wright@jumpstartlab.com,555-555-5000,16800 point lookout rd,st marys city,md,20686
erin,schy,rjchel.howson@jumpstartlab.com,321 321 5000,16800 pt lookout rd,st. marys city,md,20686
aida,nutter-upham,guazar@jumpstartlab.com,555-555-5000,16800 point lookout rd,st marys city,md,20686
zach,jones,olffj@jumpstartlab.com,321 321 5000,16800 pt lookout rd,st. mary's city,md,20686
teen,waldo,vf9gw@jumpstartlab.com,555-555-5000,16800 point lookout rd,st marys city,md,20686
lindsay,migliorini,jk2184a@jumpstartlab.com,321 321 5000,16800 pt lookout rd,st. mary's city,md,20686
rebecca,seeliger,yocoburn@jumpstartlab.com,555-555-5000,16800 point lookout rd,st marys city,md,20686
jessica,dulys-nusbaum,nvimslopez@jumpstartlab.com,321 321 5000,16800 pt lookout rd,st. mary's city,md,20686
stacy,peeler,tarta.musial@jumpstartlab.com,555-555-5000,16800 point lookout rd,st marys city,md,20686
linda,peterson,qaarren@jumpstartlab.com,321 321 5000,16800 pt lookout rd,st. mary's city,md,20686
brandon,hoh,hleyew@jumpstartlab.com,555-555-5000,16800 point lookout rd,st marys city,md,20686
katie,rodriguez,kkhorn@jumpstartlab.com,321 321 5000,16800 point lookout rd.,st. mary's city,md,20686
nora,bender,jxhnathon.daniel@jumpstartlab.com,555-555-5000,16800 point lookout rd,st marys city,md,20686
courtney,kuria,vlk58@jumpstartlab.com,555-555-5000,16800 point lookout rd,st marys city,md,20686
sara,collier,xbenybn@jumpstartlab.com,555-555-5000,16800 point lookout rd,st marys city,md,20686
laura,thai,oally.sharrow@jumpstartlab.com,555-555-5000,16800 point lookout rd,st marys city,md,20686
john,fink,stiorio@jumpstartlab.com,321 321 5000,16800 point lookout rd.,st. mary's city,md,20686
myriam,chase,jevesayj@jumpstartlab.com,555-555-5000,16800 point lookout rd,st marys city,md,20686
chris,bradley,chehli.1@jumpstartlab.com,321 321 5000,16800 point lookout rd.,st. mary's city,md,20686
danielle,warren,okwhiteman@jumpstartlab.com,555-555-5000,16800 point lookout rd,st marys cityq,md,20686
lisa,kearney,vkeygordon@jumpstartlab.com,555-555-5000,16800 point lookout rd,st marys city,md,20686
gabrielle,stoneking,jostilllusesabeeper@jumpstartlab.com,555-555-5000,16800 point lookout rd,st marys city,md,20686
jake,hall,ifinero@jumpstartlab.com,402.990.4000,16800 point lookout rd.,st. mary's city,md,20686
bret,ebersole,yhsloa08@jumpstartlab.com,555-555-5000,16800 point lookout rd,st marys city,md,20686
nell,houghton,vjm2865@jumpstartlab.com,402.990.4000,16800 point lookout rd.,st. mary's city,md,20686
robert,wein,yahrison@jumpstartlab.com,555-555-5000,16800 point lookout rd,st marys city,md,20686
ashley,lopez,vermideo@jumpstartlab.com,555-555-5000,16800 point lookout rd,st marys city,md,20686
john,jahne,qyieff@jumpstartlab.com,555-555-5000,16800 point lookout rd,st marys city,md,20686
hannah,moskowitz,rbolley@jumpstartlab.com,402.990.4000,16800 point lookout rd.,yhfh,md,20686
tony,reay,uxffret@jumpstartlab.com,555-555-5000,16800 point lookout rd,st marys city,md,20686
eliza,baker,ykvinga@jumpstartlab.com,9086982000,ms 2361 loyola college 4501 north charles st,baltimore,md,21210
natalie,fowler,netite_nombre@jumpstartlab.com,9086982000,ms 2361 4501 n charles st,baltimore,md,21210
william,davies,rxowden3@jumpstartlab.com,9086982000,ms 2361 4501 n. charles st,baltimore,md,21210
sarah,null,rcverburg@jumpstartlab.com,9086982000,ms 2361 4501 n. charles st,baltimore,md,21210
jennifer,donnelly,qxaschreck@jumpstartlab.com,9086982000,2361 4501 n. charles st,baltimore,md,21210
shelby,sullivan,bereenberg@jumpstartlab.com,631-291-2000,ms 2361 4501 n charles st,baltimore,md,21210
courtney,evans,agatsfunny1688@jumpstartlab.com,4103702000,ms 3356 loyola college 4501 n charles st,baltimore,md,21210
wendy,hunter,elgerow@jumpstartlab.com,908-752-5000,ms 2361 4501 n charles st,baltimore,md,21210
lance,ter kuile,yboaks@jumpstartlab.com,631-873-5000,124,baltimore,md,21210
chris,whitney,bcisher@jumpstartlab.com,4103702000,456,baltimore,md,21210
null,mccusker,papokuag@jumpstartlab.com,5082748000,"1519 east falkland ln, apt 154",silver spring,md,20910
minrose,richards,klsheac@jumpstartlab.com,617 935 3000,"5215 centreville hall, university of maryland",college park,md,20742
diana,kolodin,mqrosent@jumpstartlab.com,301-787-2000,4226a guilford dr,college park,md,20817
kevin,balinsky-baker,xlarab1@jumpstartlab.com,914-584-4000,7600 flower ave.,takoma park,md,20912
richard,herman,xb@jumpstartlab.com,7322997000,1001 kennebec ave.,takoma park,md,20912
michael,embick,sdfonteyne@jumpstartlab.com,913-687-1000,7600 flower ave.,"takoma park,",md,20912
x,litzenberg,bfoseen@jumpstartlab.com,240-350-8000,15144 red cedar dr.,burtonsville,md,20866
melissa,stachowski,dnhimjolly@jumpstartlab.com,301-518-9000,15144 red cedar dr.,burtonsville,md,20866
dani,becker,uxch.hastings@jumpstartlab.com,240-386-9000,7600 flower ave.,takoma park,md,20912
milton,lister,dqingold@jumpstartlab.com,301-891-4000,7600 flower ave.,takoma park,md,20912
laura,voutour,tuyrotenberg@jumpstartlab.com,301-474-0000,2 p plateau pl,greenbelt,md,20770
jessica,svoboda,vxitkens724@jumpstartlab.com,860-810-6000,4501 n charles st. ms 2700,baltimore,md,21210
jesse,doe,gsaddario@jumpstartlab.com,7174482000,1304 peaceful lane,silver spring,md,20904
sheila,slote,gdristina.holland@jumpstartlab.com,301-974-1000,8252 sandy stream road,laurel,md,20723
daniel,doe,iicmseac@jumpstartlab.com,301-318-4000,7951 15th ave #201,hyattsville,md,20783
katie,hopkins,gbnichol@jumpstartlab.com,410-592-8000,11819 stoney batter road,kingsville,md,21087
laney,letcheva,pdisb_nuggs@jumpstartlab.com,845-988-7000,1401 potomac ave,hagerstown,md,21742
carl,see,fuoungma@jumpstartlab.com,678 571 0000,247-09d leonardtown,college park,md,20740
matthew,borick,gclue-hitchens11@jumpstartlab.com,301-346-9000,247-09-c new leonardtown,college park,md,20742
alexis,kauffman,ctnteyj@jumpstartlab.com,617-365-0000,3339 n. charles st.,baltimore,md,21218
whitney,san roman,fgoore@jumpstartlab.com,617-365-0000,2 w. university pkwy,baltimore,md,21218
eleanor,tran,tiperchick447@jumpstartlab.com,617-365-0000,6010 california cir 114,rockville,md,20852
ben,sibelman,kntsosj@jumpstartlab.com,617-365-0000,712 montpelier,baltimore,md,21218
isabelle,thatcher,dybosem@jumpstartlab.com,617-365-0000,3339 n. charles,baltimore,md,21218
liana,gent,eggordon@jumpstartlab.com,617-365-0000,3900 halstead,baltimore,md,21218
jessica,bissessar,kkazirak@jumpstartlab.com,617-365-0000,110 w. 39th,baltimore,md,21210
jake,matthews,feaversnob@jumpstartlab.com,617-365-0000,3501 st. paul,baltimore,md,21218
stephen,xx,tull31@jumpstartlab.com,617-365-0000,3339 n charles,baltimore,md,21218
laura,boyle,vvaterma@jumpstartlab.com,617-365-0000,110 w 39th,baltimore,md,21210
john,westwood,ngelacolwell@jumpstartlab.com,617-365-0000,3301 n charles st.,baltimore,md,21218
laura,webster,ows_braun@jumpstartlab.com,617-365-0000,3003 n charles st,baltimore,md,21218
cassidy,smith,vxurengill@jumpstartlab.com,617-365-0000,3003 n charles st,baltimore,md,21218
sherry,khouang,ceanzet@jumpstartlab.com,301-613-1000,x,x,md,21216
keonna,caldwell,lwlarali@jumpstartlab.com,301-613-1000,x,x,md,21216
meghan,student,txancourt@jumpstartlab.com,301-613-1000,x,x,md,21216
catherine,dutton,xfnnie.woldorf@jumpstartlab.com,301-613-1000,x,x,md,21216
philip,sangha,nmnes4re@jumpstartlab.com,301-613-1000,x,x,md,21216
neha,d'addario,wyusecc@jumpstartlab.com,301-613-1000,x,x,md,21216
russell,kurs,rnloe.sackett@jumpstartlab.com,301-613-1000,x,x,md,21216
aditi,rizzo,odenajean@jumpstartlab.com,301-613-1000,x,x,md,21216
meredith,zahorian,ypebee3000@jumpstartlab.com,301-613-1000,x,x,md,21216
heather,thompson,rdm327@jumpstartlab.com,301-613-1000,x,x,md,21216
null,howard,uqlitzen@jumpstartlab.com,508-954-9000,"247-10 leonardtown, university of maryland",college park,md,20742
jessica,sanders,uvsorens@jumpstartlab.com,301-613-1000,x,x,md,21216
melanie,phillips,hdaggio@jumpstartlab.com,301-613-1000,x,x,md,21216
alicia,smedick,saoy3333@jumpstartlab.com,301-613-1000,x,x,md,21216
caroline,mershon,ny@jumpstartlab.com,301-613-1000,x,x,md,21216
michael,sprinzen,jyica.borgeswallace@jumpstartlab.com,301-613-1000,x,x,md,21216
sandddd,hoffbeck,nrllinsj4@jumpstartlab.com,301-613-1000,x,x,md,21216
holly,derwin,tcephanie.j.gardner@jumpstartlab.com,301-613-1000,x,x,md,21216
diana,downing,sdhaw1@jumpstartlab.com,301-613-1000,x,x,md,21216
sarah,waldman,cychelleighguillory@jumpstartlab.com,301-613-1000,x,x,md,21216
mary,bell,cfeckerp@jumpstartlab.com,301-613-1000,x,x,md,21216
bridget,hawes,lsmery@jumpstartlab.com,301-613-1000,x,x,md,21216
philip,cruickshank,plerris@jumpstartlab.com,301-613-1000,x,x,md,21216
robert,kohnstamm,ruood1988@jumpstartlab.com,301-613-1000,x,x,md,21216
jason,law,agle_rosenblad@jumpstartlab.com,301-613-1000,x,x,md,21216
eric,owens,moilema1@jumpstartlab.com,301-613-1000,x,x,md,21216
jillian,dennis,urchnibe@jumpstartlab.com,301-613-1000,x,x,md,21216
christie,pedicone,ixhndoe3@jumpstartlab.com,301-613-1000,x,x,md,21216
marcellus,lane,nuttydus@jumpstartlab.com,301-613-1000,x,x,md,21216
valencia,miller,dpaaaaaaaaa@jumpstartlab.com,301-613-1000,x,x,md,21216
elizabeth,parry,acombard@jumpstartlab.com,301-613-1000,x,x,md,21216
juliet,gill,tqnniferkrill@jumpstartlab.com,301-613-1000,x,x,md,21216
catherine,howell-dinger,arnneryis007@jumpstartlab.com,301-613-1000,x,x,md,21216
andrea,marchessault,ord9@jumpstartlab.com,301-613-1000,x,x,md,21216
jane,mendez,natowel@jumpstartlab.com,301-613-1000,x,x,md,21216
j,ray-mazumder,tmclaibo@jumpstartlab.com,301-613-1000,x,x,md,21216
lea,finkel,reanelle.dugan@jumpstartlab.com,301-613-1000,x,x,md,21216
whitney,lynch,ahccernsv@jumpstartlab.com,301-613-1000,x,x,md,21216
michael,moynahan,hkianhalprin@jumpstartlab.com,301-613-1000,x,x,md,21216
james,webster,vouljosephpark@jumpstartlab.com,301-613-1000,x,x,md,21216
catherine,carodenuto,rcura.lipinski@jumpstartlab.com,301-613-1000,x,x,md,21216
francesca,heinichen,lynfranklin@jumpstartlab.com,301-613-1000,x,x,md,21216
elise,shapiro,aesout08@jumpstartlab.com,301-613-1000,x,x,md,21216
andreah,van eck,qxcthruhiker17@jumpstartlab.com,301-613-1000,x,x,md,21216
marci,wright,rbrie.stratton@jumpstartlab.com,301-613-1000,x,x,md,21216
mary,skaggs,ijlldurrett@jumpstartlab.com,301-613-1000,x,x,md,21216
lorenzo,coleman,jjaslett@jumpstartlab.com,301-613-1000,x,x,md,21216
andrew,colehor,gjlupkin@jumpstartlab.com,301-613-1000,x,x,md,21216
beth,laird,umt24@jumpstartlab.com,301-613-1000,x,x,md,21216
arielle,dooley-feldman,kkccrory@jumpstartlab.com,301-613-1000,x,x,md,21216
katherine,maloney,rcng2106@jumpstartlab.com,301-613-1000,x,x,md,21216
rebecca,uzuki,gkpagecolby@jumpstartlab.com,301-613-1000,x,x,md,21216
georgia,brown,pikeali27@jumpstartlab.com,301-613-1000,x,x,md,21216
euric,griffin,rcll32@jumpstartlab.com,301-613-1000,x,x,md,21216
natalie,jones,korkson.allegra@jumpstartlab.com,301-613-1000,x,x,md,21216
stacy,reese,yohley.leclare@jumpstartlab.com,301-613-1000,x,x,md,21216
charles,bolton,tfedina4@jumpstartlab.com,814-397-3000,1010 s. kenwood ave.,baltimore,md,21224
tarini,atcheson,xkracken@jumpstartlab.com,410-992-0000,8945 footed ridge,columbia,md,21045
jamie,marden,assse.d.jenkins@jumpstartlab.com,443-257-9000,"4230 knox road, apt. 1530",college park,md,20742
lillian,repka,nywaibi@jumpstartlab.com,240-426-0000,3109 cambridge,college park,md,20742
natalie,weinstein,xuwilburn11@jumpstartlab.com,240-401-0000,"247-9 leonardtown hall, university of maryland",college park,md,20742
nicholas,cooper,yyvidpcorrado@jumpstartlab.com,978-844-4000,8000 boteler lane,college park,md,20740
shannon,stewart,liarry@jumpstartlab.com,410-227-6000,1000 hilltop circle,baltimore,md,21250
melanie,manchada,gxudgens@jumpstartlab.com,718-305-4000,1492 selworthy rd,potomac,md,20854
steph,frederick,krott@jumpstartlab.com,410-458-5000,8000 boteler lane apt #124a,college park,md,29740
tamara,siegel,dingbodu@jumpstartlab.com,301 257 9000,6905 donachie rd apt f,baltimore,md,21239
jay,jeff,pmahlstr@jumpstartlab.com,301 257 9000,303 e. burke rd apt c,towson,md,21286
laurie,clancy,jk@jumpstartlab.com,301 257 9000,3115-8 university blvd west,kensington,md,20895
jane,white,fpikatri@jumpstartlab.com,301 257 9000,8007 york rd apt c1,towson,md,21204
cara,brubaker,tvnglese1@jumpstartlab.com,310-370-4000,6121 centreville hall,college park,md,20742
marcelino,o'bryon,jxrrieweikle@jumpstartlab.com,302-245-5000,8000 boteler lane apt. 124,college park,md,20740
jessica,wang,vwinsa02@jumpstartlab.com,443 629 7000,11209 greenspring ave,lutherville,md,21093
kirsten,suzor,hwiderc@jumpstartlab.com,443 994 2000,4603 harvard rd.,college park,md,20740
amanda,dougherty,ukmitch07@jumpstartlab.com,240-210-3000,607 wilson ln,waldorf,md,20602
x,griffard,skmbolger@jumpstartlab.com,301 266 7000,6580 glendale place,la plata,md,20646
sarah,williams,dvjaff07@jumpstartlab.com,443 632 4000,14021 woodlings lane,reisterstown,md,21136
sarah,brisbois,wqlee0808@jumpstartlab.com,443 632 4000,3043 frisby st.,baltimore,md,21218
kelly,santoro,auurtney.marie.davis@jumpstartlab.com,2402054000,28 lee ave. apt. 303,takoma park,md,20912
alice,ogutu,ury1@jumpstartlab.com,443 616 7000,3327 charles st,fallston,md,21047
stephen,fonda-bonardi,rilking_contradiction_27@jumpstartlab.com,240 346 9000,3802 brewster circle,waldorf,md,20601
jordan,pfeffer,xfanjarr@jumpstartlab.com,240 461 4000,251 manor circle,takoma park,md,20912
hilary,nayeem,lhavis@jumpstartlab.com,301 814 1000,251 manor circle,takoma park,md,20912
charlotte,syrig,wwedellstiles@jumpstartlab.com,301-318-4000,6201 41st ave,hyattsville,md,20782
zachary,reinauer,qrantiag@jumpstartlab.com,304-604-5000,5218 centreville,college park,md,20742
emma,barker,rcberger@jumpstartlab.com,301-320-0000,2 bay tree lane,bethesda,md,20816
bradly,zamudio,fyaronsmith@jumpstartlab.com,410-218-0000,1102 somerset hall,college park,md,20742
megan,sager,xglia.shindel@jumpstartlab.com,513-417-2000,4227 oglethorpe st.,hyattsville,md,20781
null,gupta,sxhndoe14@jumpstartlab.com,8125523000,"1133 e west hwy, ste 319-w",silver spring,md,20910
meredith,doe,uimenez@jumpstartlab.com,301-252-9000,8000 travis ln,college park,md,20740
zach,fencl,smtak@jumpstartlab.com,513-680-3000,"8204 baltimore ave, apt 718b",college park,md,20740
brandon,zimmer,mmockc6@jumpstartlab.com,732-779-8000,401 rosemont ave.,frederick,md,21701
paul,lazarowski,qnudmer@jumpstartlab.com,301-379-0000,17714 meetinghouse rd,sandy spring,md,20860
shane,august,anhilips@jumpstartlab.com,301-891-2000,1012 heather ave,takoma park,md,20912
leslie,barns,ufoff@jumpstartlab.com,240-626-1000,24 jermae st,thurmont,md,21788
scott,parker,qhuer321@jumpstartlab.com,202-270-1000,19308 alderbarn ct,brookeville,md,20833
shannon,patrick,foshankland@jumpstartlab.com,240-750-0000,4 vallingby circle,rockvile,md,20850
sophia,haskell,gbffb_123@jumpstartlab.com,301-474-0000,14-n laurel hill road,greenbelt,md,20770
rose,arnold,oqenville@jumpstartlab.com,301-233-7000,6 middlebridge ct,silver spring,md,20906
alison,dickson,xoolloway10@jumpstartlab.com,301-299-5000,8158 inverness ridge road,potomac,md,20854
eliza,xx,wqrah.mary89@jumpstartlab.com,301-983-2000,11713 charen lane,potomac,md,20854
kirsten,chronis,frmooski@jumpstartlab.com,301-617-4000,10584 hunters way,laurel,md,20723
dominique,dewolf,xwh001@jumpstartlab.com,301-588-0000,9407 worth ave,silver spring,md,20901
sam,wetherill,fyvegetarian@jumpstartlab.com,240-485-6000,10823 margate road,silver spring,md,20901
x,comer,iaivings@jumpstartlab.com,240-672-8000,3708 underwood rd,chevy chase,md,20815
katie,roy,dhigsi01@jumpstartlab.com,206-372-2000,6201 41st ave,hyattsville,md,20782
jessica,avendano,ruoore10@jumpstartlab.com,301-787-5000,1814 august dr,silver spring,md,20902
lauren,marquis,fqenshen@jumpstartlab.com,301-830-3000,2103 hermitage road,wheaton,md,20902
michael,spero,dcna.kuhnline@jumpstartlab.com,301-801-9000,8905 sudbury road,silver spring,md,20901
liam,theden,psmcgrew@jumpstartlab.com,301-421-1000,2217 link road,silver spring,md,20905
stephanie,siegler,npmaho06@jumpstartlab.com,240-602-7000,6905 pineway ave,university park,md,20782
ruth,wofford,paallmeyer@jumpstartlab.com,240-497-1000,7423 lynnhurst street,chevy chase,md,20815
jane,schwaneke,fjh224@jumpstartlab.com,301-219-7000,310 crabb avenue,rockville,md,20850
sajeewa,tedrow,gerumber@jumpstartlab.com,301-760-6000,7710 iron forge court,derwood,md,20855
rhiannon,mccall,plgermal@jumpstartlab.com,301-466-7000,4111 elkton hall,college park,md,20742
shannen,queen,kjinda.manglik@jumpstartlab.com,301-774-9000,4105 alfalfa terrace,olney,md,20832
meg,smith,jy379@jumpstartlab.com,301-318-4000,5024 berwyn road,college park,md,20740
arden,lkjklljlkj,hslftylerblue@jumpstartlab.com,240-252-9000,3106 dorchester hall,college park,md,20742
kara,baker,cms.bischoff@jumpstartlab.com,240-888-4000,7600 flower ave.,takoma park,md,20912
genevieve,catellacci,gyura.kriegel@jumpstartlab.com,301-318-4000,6109 hagerstown hall,college park,md,20742
eliza,gromisch,lqmoresch@jumpstartlab.com,301-676-1000,8241 black hawk court,frederick,md,21701
dordt,tale,qxope@jumpstartlab.com,410-710-7000,5104 denton hall,college park,md,20742
christian,rueter,xlean@jumpstartlab.com,2404980000,224 onley road #103-a,salisbury,md,21804
sarah,gosse,bsore@jumpstartlab.com,304-279-5000,7600 flower ave.,takoma park,md,20912
austin,brummel,lpldor_a@jumpstartlab.com,301-318-4000,8000 boteler lane,college park,md,20740
joseph,kolb,avdisido@jumpstartlab.com,301-318-4000,8000 boteler lane,college park,md,20740
seth,holleb,ouitlinef324@jumpstartlab.com,3019103000,"4226 guilford drive, apt a",college park,md,20740
jordan,holdaway,ekazanec@jumpstartlab.com,301-523-9000,8133 hagerstown hall,college park,md,20742
lorena,gladfelter,ylnjen3323@jumpstartlab.com,301-204-0000,2 college hill,westminster,md,21157
ben,rawstron,xjpivey@jumpstartlab.com,319-350-4000,6201 41st ave,hyattsville,md,20782
laura,butler,drcyprian@jumpstartlab.com,301-318-4000,247-9c new leonardtown,college park,md,20742
jake,sorenson,pqowen09@jumpstartlab.com,301 712 7000,4902 cherokee street,college park,md,20740
kyle,wolfson,gjethin@jumpstartlab.com,202-222-0000,4004 32nd st,mount rainier,md,20712
kerry,spence,cghsjp@jumpstartlab.com,410 303 1000,7400 columbia ave,college park,md,20740
dan,aungst,vmrthsaver@jumpstartlab.com,503-475-8000,12545 catalina drive,lusby,md,20657
